Word,Translation/Explanation,Example Sentence
a,一個 (op),This is a small book.
able,有能力的 (adj.),He is able to go.
about,關於 (op),The story is about a dog.
account,帳戶;帳目 (n.),Give an account of it.
acid,酸的 (adj.),The apple has an acid taste.
across,橫過 (op),Go across the wide street.
act,行為;法案 (n.),It was a good act.
addition,增加 (n.),Make an addition to the list.
adjustment,調整 (n.),The adjustment of the clock is good.
advertisement,廣告 (n.),I see the advertisement in the paper.
after,在...之後 (op),Come to my house after the meal.
again,再次 (op),Please say it again.
against,反對;對抗 (op),He is against the idea.
agreement,協議;同意 (n.),We have a good agreement.
air,空氣 (n.),The air is cold today.
all,全部 (op),All the men are here.
almost,幾乎 (op),It is almost time to go.
among,在...之中 (op),He is among friends.
amount,數量 (n.),The amount of money is small.
amusement,娛樂 (n.),This play is for your amusement.
and,而且 (op),You and I will go.
angle,角度 (pic),The angle of the table is sharp.
angry,生氣的 (adj.),He is angry with me.
animal,動物 (n.),The dog is a good animal.
answer,回答 (n.),Give a simple answer.
ant,螞蟻 (pic),The ant is on the floor.
any,任何 (op),Do you have any money?
apparatus,儀器 (n.),The apparatus is ready for use.
apple,蘋果 (pic),I will give you an apple.
approval,贊成 (n.),He gave his approval to me.
arch,拱門 (pic),The arch is very high.
argument,爭論 (n.),The argument was long and loud.
arm,手臂 (pic),Put the bag on your arm.
army,軍隊 (pic),The army is at the town.
art,藝術 (n.),This book is about art.
as,如同 (op),It is as big as that.
at,在 (op),He is at the house.
attack,攻擊 (n.),The attack was sudden.
attempt,嘗試 (n.),Make an attempt to do it.
attention,注意 (n.),Give attention to the teacher.
attraction,吸引力 (n.),The attraction of the sea is great.
authority,權威;當局 (n.),He has the authority to go.
automatic,自動的 (adj.),The machine is automatic.
awake,醒著的 (opp.),He is awake now.
baby,嬰兒 (pic),The baby is in the bed.
back,背部;後面 (n.),Put it on your back.
bad,壞的 (opp.),That was a bad act.
bag,袋子 (pic),Put the book in the bag.
balance,平衡 (n.),Keep your balance on the wall.
ball,球 (pic),Give the ball to the boy.
band,帶子;樂隊 (pic),The band is on the box.
base,底部;基礎 (n.),The base of the building is strong.
basin,臉盆 (pic),The basin is full of water.
basket,籃子 (pic),Put the fruit in the basket.
bath,洗澡 (pic),Take a bath in the morning.
be,是 (operator),I will be there.
beautiful,美麗的 (adj.),This is a beautiful flower.
because,因為 (op),He is happy because of you.
bed,床 (pic),Go to your bed now.
bee,蜜蜂 (pic),The bee is in the garden.
before,在...之前 (op),Go before the rain.
behavior,行為 (n.),His behavior is very good.
belief,信念;相信 (n.),It is my belief.
bell,鈴 (pic),I hear the bell.
bent,彎曲的 (adj.),The stick is bent.
berry,漿果 (pic),The berry is red and sweet.
between,在...之間 (op),It is between the two houses.
bird,鳥 (pic),The bird is in the tree.
birth,出生 (n.),The birth was yesterday.
bit,少量 (n.),Give me a bit of bread.
bite,咬 (n.),The dog gave a bite.
bitter,苦的 (adj.),The drink is bitter.
black,黑色的 (adj.),The cat is black.
blade,刃 (pic),The blade is very sharp.
blood,血液 (n.),The blood is red.
blow,吹;打擊 (n.),The blow was hard.
blue,藍色的 (adj.),The sky is blue.
board,木板 (pic),The board is long.
boat,小船 (pic),The boat is on the water.
body,身體 (n.),Keep your body warm.
boiling,沸騰的 (adj.),The water is boiling now.
bone,骨頭 (pic),The dog has a bone.
book,書 (pic),Give me the book.
boot,靴子 (pic),Put on your boot.
bottle,瓶子 (pic),The bottle is empty.
box,箱子 (pic),Put it in the box.
boy,男孩 (pic),The boy is here.
brain,腦 (pic),The brain is complex.
brake,煞車 (pic),The brake is not good.
branch,樹枝 (pic),The branch is on the grass.
brass,黃銅 (n.),The cup is of brass.
bread,麵包 (n.),Give me some bread.
breath,呼吸 (n.),Take a deep breath.
brick,磚頭 (pic),The wall is of brick.
bridge,橋 (pic),Go across the bridge.
bright,明亮的 (adj.),The light is bright.
broken,破碎的 (adj.),The glass is broken.
brother,兄弟 (n.),He is my brother.
brown,棕色的 (adj.),The dog is brown.
brush,刷子 (pic),Use the brush on your hair.
bucket,水桶 (pic),The bucket is full.
building,建築 (n.),The building is high.
bulb,燈泡 (pic),The bulb is broken.
burn,燒傷 (n.),He has a burn on his hand.
burst,爆裂 (n.),There was a burst of light.
business,生意 (n.),He has a good business.
but,但是 (op),He is poor but happy.
butter,奶油 (n.),Put butter on the bread.
button,鈕扣 (pic),The button is small.
by,由;在旁邊 (op),Go by the road.
cake,蛋糕 (pic),Make a sweet cake.
camera,照相機 (pic),Take a picture with the camera.
canvas,帆布 (pic),The sail is of canvas.
card,卡片 (pic),Give me the card.
care,小心 (n.),Take care of the baby.
carriage,馬車 (pic),The carriage is at the door.
cart,小推車 (pic),Put the fruit in the cart.
cat,貓 (pic),The cat is on the mat.
cause,原因 (n.),What is the cause of it?
certain,肯定的 (adj.),I am certain of it.
chain,鏈條 (pic),The dog is on a chain.
chalk,粉筆 (pic),Get a bit of chalk.
chance,機會 (n.),Give me a chance.
change,改變 (n.),Make a change to the plan.
cheap,便宜的 (adj.),The book is cheap.
cheese,乳酪 (pic),I will have some cheese.
chemical,化學的 (adj.),This is a chemical reaction.
chest,胸部;大箱子 (pic),His chest is strong.
chief,首領;主要的 (adj.),He is the chief man.
chin,下巴 (pic),He has a long chin.
church,教堂 (pic),The church is in the town.
circle,圓圈 (pic),Make a circle on the paper.
clean,乾淨的 (adj.),The house is clean.
clear,清晰的 (adj.),The water is clear.
clock,時鐘 (pic),The clock is on the wall.
cloth,布 (n.),The cloth is blue.
cloud,雲 (pic),The cloud is white.
coal,煤 (n.),Put coal on the fire.
coat,外套 (pic),Put on your coat.
cold,冷的 (opp.),The water is cold.
collar,衣領 (pic),The collar is white.
color,顏色 (n.),The color is red.
comb,梳子 (pic),Use the comb on your hair.
come,來 (operator),Come to my house.
comfort,安慰;舒適 (n.),He gave comfort to me.
committee,委員會 (n.),The committee is in the meeting.
common,共同的;常見的 (adj.),It is a common thing.
company,公司;伴侶 (n.),He is in good company.
comparison,比較 (n.),Make a comparison of the two.
complete,完整的 (adj.),The work is complete.
competition,競爭 (n.),The competition was hard.
complex,複雜的 (adj.),The machine is complex.
condition,條件;狀況 (n.),The condition is good.
connection,連接 (n.),The connection is broken.
conscious,有意識的 (adj.),He is conscious now.
control,控制 (n.),Keep control of the dog.
cook,廚師 (n.),He is a good cook.
copper,銅 (n.),The cup is of copper.
copy,副本;拷貝 (n.),Make a copy of this.
cord,繩索 (pic),The cord is long.
cork,軟木塞 (pic),Put the cork in the bottle.
cotton,棉花 (n.),The cloth is of cotton.
cough,咳嗽 (n.),He has a bad cough.
country,國家;鄉下 (n.),This is a beautiful country.
cover,封面;蓋子 (n.),Put a cover on it.
cow,乳牛 (pic),The cow gives milk.
crack,裂縫 (n.),There is a crack in the glass.
credit,信用 (n.),He has good credit.
crime,罪行 (n.),It was a bad crime.
cruel,殘忍的 (opp.),The man was cruel.
crush,壓碎 (n.),There was a great crush.
cry,哭聲 (n.),I hear a cry.
cup,杯子 (pic),Give me a cup of water.
current,潮流 (n.),The current is strong.
curtain,窗簾 (pic),The curtain is red.
curve,曲線 (n.),The road has a curve.
cushion,墊子 (pic),Sit on the cushion.
cut,切口 (adj.),The bread is cut.
damage,損害 (n.),The damage is great.
danger,危險 (n.),He is in danger.
dark,黑暗的 (opp.),The room is dark.
daughter,女兒 (n.),She is my daughter.
day,白天;日子 (n.),It is a good day.
dead,死的 (opp.),The animal is dead.
dear,親愛的;昂貴的 (adj.),He is a dear friend.
death,死亡 (n.),Death is at the end.
debt,債務 (n.),He has a great debt.
decision,決定 (n.),Make a decision now.
deep,深的 (adj.),The water is deep.
degree,程度;度數 (n.),The degree of heat is high.
delicate,纖細的;精美的 (adj.),The flower is delicate.
dependent,依賴的 (adj.),He is dependent on you.
design,設計 (n.),The design is beautiful.
desire,慾望 (n.),He has a desire for food.
destruction,破壞 (n.),The destruction was complete.
detail,細節 (n.),Give every detail of it.
development,發展 (n.),The development is slow.
different,不同的 (adj.),This is different from that.
digestion,消化 (n.),His digestion is good.
direction,方向 (n.),Go in this direction.
dirty,骯髒的 (adj.),The floor is dirty.
discovery,發現 (n.),It was a great discovery.
discussion,討論 (n.),We had a long discussion.
disease,疾病 (n.),He has a disease.
disgust,厭惡 (n.),He has disgust for the food.
distance,距離 (n.),The distance is long.
distribution,分配 (n.),The distribution was equal.
division,分割;部門 (n.),Make a division of the bread.
do,做 (operator),Do your work now.
dog,狗 (pic),The dog is my friend.
door,門 (pic),Open the door.
doubt,懷疑 (n.),I have no doubt of it.
down,向下 (op),Go down the street.
drain,排水管 (pic),The drain is full.
drawer,抽屜 (pic),Put it in the drawer.
dress,洋裝 (pic),She has a new dress.
drink,飲料 (n.),Give me a drink of water.
driving,駕駛 (n.),His driving is good.
drop,滴 (pic),I see a drop of rain.
dry,乾燥的 (adj.),The grass is dry.
dust,灰塵 (n.),The room is full of dust.
ear,耳朵 (pic),I have two ears.
early,早的 (adj.),It is an early morning.
earth,地球;土地 (n.),The earth is round.
east,東方 (op),The sun is in the east.
edge,邊緣 (n.),He is at the edge of the sea.
education,教育 (n.),Education is important.
effect,效果 (n.),The effect is good.
egg,蛋 (pic),Get an egg for me.
elastic,有彈性的 (adj.),The band is elastic.
electric,電的 (adj.),The light is electric.
end,結束 (n.),This is the end of the road.
engine,引擎 (pic),The engine is loud.
enough,足夠的 (op),I have enough food.
equal,相等的 (adj.),The two are equal.
error,錯誤 (n.),There is an error in it.
even,甚至;平坦的 (op),He is even better now.
event,事件 (n.),It was a great event.
ever,曾經 (op),Have you ever seen it?
every,每個 (op),Every man is here.
example,例子 (n.),Give me an example.
exchange,交換 (n.),Make an exchange of books.
existence,存在 (n.),We have a good existence.
expansion,擴張 (n.),The expansion is slow.
experience,經驗 (n.),He has much experience.
expert,專家 (n.),He is an expert.
eye,眼睛 (pic),I see with my eye.
face,臉 (pic),His face is happy.
fact,事實 (n.),It is a fact.
fall,跌倒;秋天 (n.),He had a fall.
false,錯誤的;假的 (adj.),The statement is false.
family,家庭 (n.),He has a large family.
far,遠的 (op),The house is far.
farm,農場 (pic),He lives on a farm.
fat,肥胖的;脂肪 (adj.),The animal is fat.
father,父親 (n.),He is my father.
fear,害怕 (n.),He has no fear.
feather,羽毛 (pic),The feather is white.
feeble,虛弱的 (adj.),The man is feeble.
feeling,感覺 (n.),I have a good feeling.
female,女性的 (adj.),The bird is female.
fertile,肥沃的 (adj.),The land is fertile.
fiction,小說 (n.),This story is fiction.
field,田野 (pic),The cows are in the field.
fight,戰鬥 (n.),The fight was long.
finger,手指 (pic),He has a ring on his finger.
fire,火 (n.),The fire is warm.
first,第一 (adj.),He is the first man.
fish,魚 (pic),The fish is in the water.
fixed,固定的 (adj.),The clock is fixed.
flag,旗幟 (pic),The flag is blue.
flame,火焰 (n.),The flame is bright.
flat,平坦的 (adj.),The floor is flat.
flight,飛行 (n.),The flight was long.
floor,地板 (pic),The book is on the floor.
flower,花 (pic),The flower is beautiful.
fly,蒼蠅 (pic),The fly is on the wall.
fold,摺疊 (n.),Make a fold in the paper.
food,食物 (n.),Give me some food.
foolish,愚蠢的 (adj.),The act was foolish.
foot,腳 (pic),Put your foot on the floor.
for,為了 (op),This is for you.
force,力量 (n.),He has great force.
fork,叉子 (pic),Give me a fork.
form,形狀 (n.),What is the form of it?
forward,向前 (op),Go forward now.
fowl,家禽 (pic),The fowl is in the garden.
frame,框架 (pic),The frame is of wood.
free,自由的 (adj.),You are free to go.
frequent,頻繁的 (adj.),He makes frequent visits.
friend,朋友 (n.),He is my friend.
from,來自 (op),I am from the town.
front,正面 (n.),He is at the front.
fruit,水果 (n.),The fruit is sweet.
full,滿的 (adj.),The cup is full.
future,未來 (n.),The future will be good.
garden,花園 (pic),The garden is beautiful.
general,一般的;將軍 (adj.),This is a general rule.
get,得到 (operator),I will get the book.
girl,女孩 (pic),The girl is happy.
give,給予 (operator),Give the ball to me.
glass,玻璃 (n.),The glass is broken.
glove,手套 (pic),Put on your glove.
go,去 (operator),Go to the house.
goat,山羊 (pic),The goat is in the field.
gold,黃金 (n.),The ring is of gold.
good,好的 (adj.),He is a good man.
government,政府 (n.),The government has the authority.
grain,穀物 (n.),The grain is in the bag.
grass,草 (n.),The grass is green.
great,偉大的 (adj.),He is a great man.
green,綠色的 (adj.),The grass is green.
grey,灰色的 (adj.),The sky is grey.
grip,緊握 (n.),He has a strong grip.
group,群體 (n.),The group is large.
growth,成長 (n.),The growth is fast.
guide,指南;導遊 (n.),He is our guide.
gun,槍 (pic),The man has a gun.
hair,頭髮 (pic),Her hair is long.
hammer,鐵鎚 (pic),Use the hammer on the nail.
hand,手 (pic),Give me your hand.
hanging,懸掛的 (adj.),The picture is hanging.
happy,快樂的 (adj.),I am very happy.
harbor,港口 (n.),The ship is in the harbor.
hard,堅硬的 (adj.),The stone is hard.
harmony,和諧 (n.),We live in harmony.
hat,帽子 (pic),Put on your hat.
hate,恨 (n.),He has hate for the work.
have,有 (operator),I have a book.
he,他 (op),He is a good man.
head,頭 (pic),Put it on your head.
healthy,健康的 (adj.),He is a healthy boy.
hearing,聽覺 (n.),His hearing is good.
heart,心臟 (n.),His heart is strong.
heat,熱 (n.),I feel the heat.
help,幫助 (n.),Give me some help.
here,這裡 (op),He is here now.
high,高的 (adj.),The mountain is high.
history,歷史 (n.),This is a book of history.
hole,洞 (n.),There is a hole in the wall.
hollow,中空的 (adj.),The ball is hollow.
hook,鉤子 (pic),Put it on the hook.
hope,希望 (n.),I have hope for the future.
horn,角;喇叭 (pic),The animal has a horn.
horse,馬 (pic),The horse is in the field.
hospital,醫院 (pic),He is in the hospital.
hour,小時 (n.),It will take an hour.
house,房子 (pic),This is my house.
how,如何 (op),How do you do?
humor,幽默 (n.),He has much humor.
I,我 (op),I am here.
ice,冰 (n.),The ice is cold.
idea,主意 (n.),That is a good idea.
if,如果 (op),"If it is good, take it."
ill,生病的 (adj.),He is ill in bed.
important,重要的 (adj.),This is an important book.
impulse,衝動 (n.),It was a sudden impulse.
in,在...裡面 (op),It is in the box.
increase,增加 (n.),There was an increase of work.
industry,工業;勤奮 (n.),This town has much industry.
ink,墨水 (n.),The ink is black.
insect,昆蟲 (pic),The insect is on the leaf.
instrument,儀器 (n.),It is a musical instrument.
insurance,保險 (n.),He has life insurance.
interest,興趣 (n.),He has interest in art.
invention,發明 (n.),It is a new invention.
iron,鐵 (n.),The box is of iron.
island,島 (pic),He lives on an island.
jelly,果凍 (n.),The jelly is sweet.
jewel,珠寶 (pic),The jewel is beautiful.
join,加入 (n.),Make a join of the two.
journey,旅程 (n.),The journey was long.
judge,法官 (n.),He is a good judge.
jump,跳躍 (n.),He made a long jump.
keep,保持 (operator),Keep the room clean.
kettle,水壺 (pic),The kettle is on the fire.
key,鑰匙 (pic),Give me the key.
kick,踢 (n.),He gave a kick to the ball.
kind,種類;親切的 (adj.),He is a kind man.
kiss,吻 (n.),She gave a kiss to the baby.
knee,膝蓋 (pic),He has a pain in his knee.
knife,刀 (pic),The knife is sharp.
knot,繩結 (pic),Make a knot in the cord.
knowledge,知識 (n.),He has much knowledge.
land,土地 (n.),The land is fertile.
language,語言 (n.),English is a language.
last,最後的 (adj.),This is the last day.
late,遲的 (adj.),He is late for the meeting.
laugh,笑 (n.),He gave a loud laugh.
law,法律 (n.),It is the law.
lead,鉛 (n.),The pipe is of lead.
leaf,樹葉 (pic),The leaf is green.
learning,學習 (n.),He is a man of learning.
leather,皮革 (n.),The shoe is of leather.
left,左邊 (adj.),Go to the left side.
leg,腿 (pic),His leg is long.
let,讓 (operator),Let me see it.
letter,信;字母 (pic),I have a letter for you.
level,程度;平坦的 (adj.),The floor is level.
library,圖書館 (pic),The library is full of books.
lift,電梯;舉起 (n.),Take the lift to the top.
light,光;輕的 (pic),The light is bright.
like,像 (op),It is like a ball.
limit,限制 (n.),That is the limit.
line,線 (pic),Make a line on the paper.
linen,亞麻布 (n.),The cloth is of linen.
lip,嘴唇 (pic),Her lip is red.
liquid,液體 (n.),The water is a liquid.
list,清單 (n.),Make a list of the words.
little,小的 (op),I have a little money.
living,生活的 (adj.),He is a living man.
lock,鎖 (pic),The lock is broken.
long,長的 (adj.),The road is long.
look,看 (n.),Take a look at this.
loose,鬆的 (adj.),The button is loose.
loss,損失 (n.),The loss was great.
loud,大聲的 (adj.),The noise is loud.
love,愛 (n.),He has love for his mother.
low,低的 (adj.),The wall is low.
machine,機器 (pic),The machine is automatic.
make,製作 (operator),Make a box of wood.
male,男性的 (adj.),The animal is male.
man,男人 (n.),He is a good man.
manager,經理 (n.),He is the manager here.
map,地圖 (pic),See the map on the wall.
mark,記號 (n.),Make a mark on the board.
market,市場 (n.),Go to the market.
married,已婚的 (adj.),He is a married man.
match,火柴;比賽 (pic),Give me a match.
material,材料 (adj.),What is the material?
mass,團;塊 (n.),There was a mass of cloud.
may,可能 (operator),It may be a good day.
meal,餐 (n.),Take a meal with me.
measure,測量 (n.),Take a measure of the room.
meat,肉 (n.),The meat is good.
medical,醫學的 (adj.),He has medical knowledge.
meeting,會議 (n.),The meeting is at the house.
memory,記憶 (n.),He has a good memory.
metal,金屬 (n.),The box is of metal.
middle,中間 (n.),He is in the middle.
military,軍事部隊 (adj.),It is a military building.
milk,牛奶 (n.),Give me some milk.
mind,頭腦 (n.),Keep it in your mind.
mine,我的 (op),The book is mine.
minute,分鐘 (n.),Give me a minute.
mist,薄霧 (n.),The mountain is in the mist.
mixed,混合的 (adj.),The colors are mixed.
money,錢 (n.),I have some money.
monkey,猴子 (pic),The monkey is in the tree.
month,月份 (n.),It is a long month.
moon,月亮 (pic),The moon is bright tonight.
morning,早上 (n.),Come in the morning.
mother,母親 (n.),She is my mother.
motion,運動;動作 (n.),The motion is slow.
mountain,山 (pic),The mountain is high.
mouth,嘴巴 (pic),Open your mouth.
move,移動 (n.),Make a move now.
much,很多 (op),He has much work.
muscle,肌肉 (pic),His muscle is strong.
music,音樂 (n.),I like the music.
nail,釘子 (pic),Put the nail in the wood.
name,名字 (n.),My name is on the book.
narrow,狹窄的 (adj.),The street is narrow.
nation,國家 (n.),This is a great nation.
natural,自然的 (adj.),It is a natural thing.
near,靠近 (op),The house is near the sea.
necessary,必要的 (adj.),It is necessary to go.
neck,脖子 (pic),Put the band on your neck.
need,需要 (n.),He has a need for help.
needle,針 (pic),Give me a needle.
nerve,神經 (pic),His nerve is strong.
net,網 (pic),The fish is in the net.
new,新的 (adj.),This is a new book.
news,新聞 (n.),The news is good.
night,夜晚 (n.),Go to bed at night.
no,不 (op),"No, I will not go."
noise,噪音 (n.),I hear a loud noise.
normal,正常的 (adj.),The condition is normal.
north,北方 (op),The town is to the north.
nose,鼻子 (pic),He has a long nose.
not,不 (op),It is not cold.
note,筆記 (n.),Make a note of it.
now,現在 (op),Go to the house now.
number,數字 (n.),What is the number?
nut,堅果 (pic),The nut is on the table.
observation,觀察 (n.),Make an observation of the bird.
of,的 (op),It is a cup of water.
off,離開 (op),Take the hat off.
offer,提供 (n.),He made a good offer.
office,辦公室 (pic),He is in the office.
oil,油 (n.),Put oil in the machine.
old,老的 (adj.),He is an old man.
on,在...上面 (op),The book is on the table.
only,只有 (op),I have only one book.
open,打開的 (adj.),The door is open.
operation,操作;手術 (n.),The operation was successful.
opinion,意見 (n.),Give me your opinion.
opposite,相反的 (opp.),He is on the opposite side.
or,或者 (op),Do you want this or that?
orange,橘子;橘色的 (pic),Give me an orange.
order,命令;順序 (n.),Give an order to the men.
organization,組織 (n.),The organization is large.
ornament,裝飾品 (n.),The ornament is beautiful.
other,其他的 (op),Give me the other book.
out,出去 (op),Go out of the house.
oven,烤箱 (pic),The cake is in the oven.
over,在...上方 (op),The bird is over the house.
owner,所有人 (n.),He is the owner of it.
page,頁 (pic),See the picture on the page.
pain,疼痛 (n.),I have a pain in my hand.
paint,油漆 (n.),The paint is wet.
paper,紙 (n.),Give me some paper.
parallel,平行的 (adj.),The two lines are parallel.
parcel,包裹 (pic),Give the parcel to him.
part,部分 (n.),This is a part of the book.
past,過去 (adj.),It is in the past.
paste,糊;漿糊 (n.),Put paste on the paper.
payment,支付 (n.),Give the payment to the man.
peace,和平 (n.),We want peace.
pen,筆 (pic),Give me a pen.
pencil,鉛筆 (pic),Use the pencil to write.
person,人 (n.),He is a good person.
physical,物質的;身體的 (adj.),It is a physical change.
picture,圖片 (pic),I see the picture.
pig,豬 (pic),The pig is in the field.
pin,大頭針 (pic),Give me a pin.
pipe,管子 (pic),The pipe is full of water.
place,地方 (n.),This is a good place.
plane,飛機;平面 (pic),The plane is in the sky.
plant,植物 (pic),The plant is in the garden.
plate,盤子 (pic),The plate is on the table.
play,玩耍;劇本 (n.),The boy is at play.
please,請 (op),Please give me the book.
pleasure,愉快 (n.),It is a pleasure to see you.
plough,犁 (pic),The plough is in the field.
pocket,口袋 (pic),Put it in your pocket.
point,點 (n.),This is the point of the story.
poison,毒 (n.),The poison is in the bottle.
polish,磨光粉 (n.),Put polish on the shoes.
political,政治的 (adj.),It is a political event.
poor,貧窮的 (adj.),He is a poor man.
porter,搬運工 (n.),Give the bag to the porter.
position,位置 (n.),The house is in a good position.
possible,可能的 (adj.),It is possible to go.
pot,壺 (pic),The pot is on the fire.
potato,馬鈴薯 (pic),Give me a potato.
powder,粉末 (n.),The powder is white.
power,力量 (n.),He has the power to do it.
present,禮物;現在的 (adj.),This is a present for you.
price,價格 (n.),The price is high.
print,印刷 (n.),The print is clear.
prison,監獄 (pic),He is in prison.
private,私人的 (adj.),This is a private house.
probable,可能的 (adj.),It is probable that he will go.
process,過程 (n.),The process is slow.
produce,產生;農產品 (n.),The land has good produce.
profit,利潤 (n.),The profit was great.
property,財產 (n.),This is my property.
prose,散文 (n.),He writes in prose.
protest,抗議 (n.),He made a protest.
public,大眾的 (adj.),It is a public building.
pull,拉 (n.),Give a pull on the cord.
pump,幫浦 (pic),The pump is at the house.
punishment,懲罰 (n.),The punishment was hard.
purpose,目的 (n.),What is your purpose?
push,推 (n.),Give a push to the door.
put,放置 (operator),Put the book on the table.
quality,品質 (n.),The quality of the cloth is good.
question,問題 (n.),Answer the question.
quick,快的 (adj.),He is a quick boy.
quiet,安靜的 (adj.),The room is quiet.
quite,非常;相當 (op),It is quite good.
rail,鐵軌 (pic),The train is on the rail.
rain,雨 (n.),The rain is falling.
range,範圍 (n.),The range of mountains is high.
rat,老鼠 (pic),The rat is in the hole.
rate,比率 (n.),The rate of growth is fast.
ray,光線 (n.),A ray of light is here.
reaction,反應 (n.),The reaction was sudden.
reading,閱讀 (n.),His reading is very good.
ready,準備好的 (adj.),The food is ready.
reason,原因 (n.),What is the reason for it?
receipt,收據 (pic),Give me the receipt.
record,記錄 (n.),Keep a record of the work.
red,紅色的 (adj.),The flower is red.
regret,遺憾 (n.),I have no regret.
regular,規則的 (adj.),He has a regular work.
relation,關係 (n.),What is the relation between them?
religion,宗教 (n.),He is a man of religion.
representative,代表 (n.),He is our representative.
request,要求 (n.),I have a request.
respect,尊重 (n.),I have respect for him.
responsible,負責任的 (adj.),He is responsible for it.
rest,休息 (n.),Take a rest now.
reward,獎勵 (n.),He gave a reward to me.
rhythm,節奏 (n.),The music has a good rhythm.
rice,米飯 (n.),Give me some rice.
right,正確的;右邊的 (adj.),That is the right answer.
ring,戒指;圓圈 (pic),The ring is of gold.
river,河流 (pic),The river is long.
road,道路 (pic),The road is wide.
rod,棒子 (pic),The rod is of iron.
roll,捲 (n.),Give me a roll of paper.
roof,屋頂 (pic),The roof is red.
room,房間 (pic),The room is clean.
root,根 (pic),The root is in the earth.
rough,粗糙的 (adj.),The board is rough.
round,圓的 (adj.),The ball is round.
rub,磨擦 (n.),Give a rub to the glass.
rule,規則 (n.),This is the rule.
run,跑 (n.),He had a long run.
sad,悲傷的 (opp.),He is very sad.
safe,安全的 (adj.),The house is safe.
sail,帆 (pic),The sail is white.
salt,鹽 (n.),Put salt on the food.
same,相同的 (adj.),They are the same.
sand,沙子 (n.),The sand is yellow.
say,說 (operator),Say the words now.
scale,秤;刻度 (n.),Put it on the scale.
school,學校 (pic),The boy is at school.
science,科學 (n.),He likes science.
scissors,剪刀 (pic),Give me the scissors.
screw,螺絲 (pic),Use the screw in the wood.
sea,大海 (pic),The sea is blue.
seat,座位 (pic),Take a seat now.
second,第二;秒 (adj.),He is the second man.
secret,秘密 (adj.),It is a secret.
secretary,秘書 (n.),He is the secretary.
see,看見 (operator),I see the bird.
seed,種子 (pic),The seed is in the earth.
selection,選擇 (n.),Make a selection of books.
self,自己 (n.),He is his old self again.
send,發送 (operator),Send the letter now.
seem,似乎 (operator),He seems happy.
sense,感覺 (n.),He has a sense of humor.
separate,分開的 (adj.),They are in separate rooms.
serious,嚴肅的 (adj.),He is a serious man.
servant,僕人 (n.),The servant is in the house.
sex,性別 (n.),What is the sex of the animal?
shade,陰影 (n.),Sit in the shade.
shake,搖動 (n.),He gave a shake to the tree.
shame,羞恥 (n.),It is a shame.
sharp,銳利的 (adj.),The knife is sharp.
sheep,綿羊 (pic),The sheep is in the field.
shelf,架子 (pic),The book is on the shelf.
ship,船 (pic),The ship is on the sea.
shirt,襯衫 (pic),Put on your shirt.
shock,震驚 (n.),The news was a shock.
shoe,鞋子 (pic),Put on your shoe.
short,短的 (adj.),The stick is short.
shut,關閉的 (adj.),The door is shut.
side,側面 (n.),He is on my side.
sign,符號;牌子 (n.),I see the sign.
silk,絲綢 (n.),The cloth is of silk.
silver,銀 (n.),The cup is of silver.
simple,簡單的 (adj.),The work is simple.
sister,姊妹 (n.),She is my sister.
size,大小 (n.),What is the size of it?
skin,皮膚 (pic),The skin is soft.
skirt,裙子 (pic),She has a new skirt.
sky,天空 (pic),The sky is blue.
sleep,睡眠 (n.),Go to sleep now.
slip,滑倒 (n.),He had a slip.
slope,斜坡 (n.),The house is on a slope.
slow,慢的 (adj.),The motion is slow.
small,小的 (adj.),The dog is small.
smash,粉碎 (n.),There was a great smash.
smell,嗅覺;味道 (n.),The smell is sweet.
smile,微笑 (n.),She has a beautiful smile.
smoke,煙 (n.),I see smoke.
smooth,平滑的 (adj.),The board is smooth.
snake,蛇 (pic),The snake is on the grass.
sneeze,噴嚏 (n.),He gave a sneeze.
snow,雪 (n.),The snow is white.
so,如此 (op),He is so good.
soap,肥皂 (n.),Use soap on your hands.
society,社會 (n.),He is a man of society.
sock,襪子 (pic),Put on your sock.
soft,柔軟的 (adj.),The bed is soft.
solid,固體的 (adj.),The ice is solid.
some,一些 (op),Give me some milk.
son,兒子 (n.),He is my son.
song,歌 (n.),He gave a song.
sort,種類 (n.),What sort of thing is it?
sound,聲音 (n.),I hear a sound.
south,南方 (op),The sun is in the south.
soup,湯 (n.),The soup is hot.
space,空間 (n.),There is no space.
spade,鏟子 (pic),Give me the spade.
special,特別的 (adj.),It is a special day.
sponge,海綿 (pic),Use the sponge.
spoon,湯匙 (pic),Give me a spoon.
spring,春天;彈簧 (pic),It is a beautiful spring.
square,正方形 (pic),The table is square.
stamp,郵票;印章 (pic),Put a stamp on the letter.
stage,舞台 (n.),He is on the stage.
star,星星 (pic),I see a star.
start,開始 (n.),Make a start now.
statement,陳述 (n.),It is a true statement.
station,車站 (pic),Go to the station.
steam,蒸汽 (n.),I see the steam.
stem,莖 (pic),The flower has a long stem.
steel,鋼鐵 (n.),The box is of steel.
step,步 (n.),Take a step forward.
stick,棍子 (pic),The stick is long.
sticky,黏的 (adj.),The sugar is sticky.
still,仍然 (op),He is still here.
stitch,縫針 (n.),Make a stitch.
stocking,長襪 (pic),Put on your stocking.
stomach,胃 (pic),His stomach is full.
stone,石頭 (pic),The stone is hard.
stop,停止 (n.),Make a stop here.
store,商店 (pic),Go to the store.
story,故事 (n.),Give me a story.
strange,奇怪的 (adj.),It is a strange thing.
street,街道 (pic),The street is wide.
stretch,伸展 (n.),He gave a stretch.
stiff,僵硬的 (adj.),The cloth is stiff.
straight,直的 (adj.),The road is straight.
strong,強壯的 (adj.),He is a strong man.
structure,結構 (n.),The structure is complex.
substance,物質 (n.),What is the substance?
such,這樣的 (op),I have no such thing.
sudden,突然的 (adj.),The attack was sudden.
sugar,糖 (n.),Put sugar in the tea.
suggestion,建議 (n.),Give me a suggestion.
summer,夏天 (n.),The summer is hot.
sun,太陽 (pic),The sun is bright.
support,支持 (n.),Give support to the seat.
surprise,驚訝 (n.),It was a great surprise.
sweet,甜的 (adj.),The cake is sweet.
swim,游泳 (n.),He had a swim.
system,系統 (n.),The system is good.
table,桌子 (pic),The book is on the table.
tail,尾巴 (pic),The dog has a tail.
take,拿 (operator),Take the book with you.
talk,談話 (n.),We had a long talk.
tall,高的 (adj.),The man is tall.
taste,味道 (n.),The taste is sweet.
tax,稅 (n.),He has a tax to pay.
teaching,教學 (n.),His teaching is good.
tendency,傾向 (n.),He has a tendency to go.
test,測試 (n.),Make a test of the machine.
than,比 (op),He is better than I.
that,那個 (op),Give me that book.
the,這/那 (op),The dog is here.
then,然後 (op),He went there then.
theory,理論 (n.),It is a new theory.
there,那裡 (op),He is there now.
thick,厚的 (adj.),The book is thick.
thin,薄的 (adj.),The paper is thin.
thing,事物 (n.),It is a good thing.
this,這個 (op),This is my house.
though,雖然 (op),"Though it is cold, I go."
thought,想法 (n.),He had a thought.
thread,線 (pic),Give me some thread.
throat,喉嚨 (pic),His throat is red.
through,穿過 (op),Go through the door.
thumb,拇指 (pic),His thumb is large.
thunder,雷聲 (n.),I hear the thunder.
ticket,票 (pic),Give me the ticket.
tight,緊的 (adj.),The shoe is tight.
till,直到 (op),Stay till the morning.
time,時間 (n.),It is time to go.
tin,錫 (n.),The box is of tin.
tired,累的 (adj.),I am very tired.
to,到 (op),Go to the town.
toe,腳趾 (pic),He has a pain in his toe.
together,一起 (op),We will go together.
tomorrow,明天 (op),Come again tomorrow.
tongue,舌頭 (pic),Put out your tongue.
tooth,牙齒 (pic),He has a white tooth.
top,頂部 (pic),He is at the top.
touch,接觸 (n.),The touch was soft.
town,城鎮 (pic),This is a small town.
trade,貿易 (n.),The trade was good.
train,火車 (pic),The train is at the station.
transport,運輸 (n.),The transport is slow.
tray,托盤 (pic),Put it on the tray.
tree,樹 (pic),The bird is in the tree.
trick,惡作劇 (n.),It was a good trick.
trouble,麻煩 (n.),He is in trouble.
trousers,褲子 (pic),Put on your trousers.
true,真實的 (adj.),It is a true story.
turn,轉彎 (n.),Make a turn to the right.
twist,扭曲 (n.),Give a twist to the cord.
umbrella,雨傘 (pic),Take your umbrella.
under,在...下面 (op),It is under the table.
unit,單位 (n.),What is the unit?
up,向上 (op),Go up the street.
use,使用 (n.),Make use of the book.
value,價值 (n.),The value is great.
verse,詩 (n.),He writes a verse.
very,非常 (op),He is very good.
vessel,船隻;容器 (n.),The vessel is on the sea.
view,視角;觀點 (n.),The view is beautiful.
violent,暴力的 (adj.),The attack was violent.
voice,聲音 (n.),I hear your voice.
waiting,等待的 (adj.),The man is waiting.
walk,散步 (n.),Take a walk with me.
wall,牆壁 (pic),The wall is high.
war,戰爭 (n.),The war was long.
warm,溫暖的 (adj.),The room is warm.
wash,洗 (n.),Give a wash to the floor.
waste,浪費 (n.),It is a waste of time.
watch,手錶;觀看 (pic),I have a new watch.
water,水 (n.),Give me some water.
wave,波浪 (n.),The wave is high.
wax,蠟 (n.),The candle is of wax.
way,路;方法 (n.),This is the way.
weather,天氣 (n.),The weather is good.
week,星期 (n.),It is a long week.
weight,重量 (n.),The weight is great.
well,好地 (op),He is very well.
west,西方 (op),Go to the west.
wet,濕的 (adj.),The floor is wet.
wheel,輪子 (pic),The wheel is broken.
when,當...時候 (op),When will you go?
where,哪裡 (op),Where is the house?
while,當...時候 (op),He went while it was day.
whip,鞭子 (pic),Give me the whip.
whistle,口哨 (pic),He gave a whistle.
white,白色的 (adj.),The flower is white.
who,誰 (op),Who is that man?
why,為什麼 (op),Why do you go?
wide,寬的 (adj.),The road is wide.
will,將 (operator),I will go now.
wind,風 (n.),The wind is cold.
window,窗戶 (pic),Open the window.
wine,酒 (n.),Give me some wine.
wing,翅膀 (pic),The bird has a wing.
winter,冬天 (n.),The winter is cold.
wire,電線 (pic),The wire is long.
wise,明智的 (adj.),He is a wise man.
with,與...一起 (op),Go with me.
woman,女人 (n.),She is a good woman.
wood,木頭 (n.),The box is of wood.
wool,羊毛 (n.),The cloth is of wool.
word,單字 (n.),Say the word now.
work,工作 (n.),He has much work.
worm,蟲 (pic),The worm is on the grass.
wound,傷口 (n.),He has a wound on his hand.
writing,寫作 (n.),His writing is clear.
wrong,錯誤的 (opp.),That is the wrong answer.
year,年 (n.),It is a long year.
yellow,黃色的 (adj.),The flower is yellow.
yes,是的 (op),"Yes, I will go."
yesterday,昨天 (op),He went there yesterday.
you,你 (op),You are my friend.
young,年輕的 (adj.),He is a young man.
